id,first_name,last_name,email,gender,ip_address
1,Gerianna,Watling,gwatling0@google.cn,Agender,40.195.104.66
2,Bari,Hudel,bhudel1@dmoz.org,Female,42.38.189.135
3,Zachery,Michel,zmichel2@cbc.ca,Male,133.162.207.155
4,Idelle,Ling,iling3@dion.ne.jp,Female,8.158.2.156
5,Wainwright,Mabbett,wmabbett4@wix.com,Male,39.6.46.106
6,Torre,Mantha,tmantha5@epa.gov,Male,187.158.244.222
7,Pierrette,Rodwell,prodwell6@auda.org.au,Polygender,198.166.74.168
8,Angelika,Sircomb,asircomb7@weather.com,Female,108.41.228.240
9,Nowell,Derrington,nderrington8@marriott.com,Male,135.237.75.69
10,Murray,Fero,mfero9@blog.com,Male,232.97.22.223
11,Celle,Lidgard,clidgarda@gov.uk,Female,31.154.97.57
12,Ignazio,Tydeman,itydemanb@china.com.cn,Male,243.55.122.88
13,Urbanus,Dulwitch,udulwitchc@altervista.org,Male,69.171.179.8
14,Zsa zsa,Lawleff,zlawleffd@unc.edu,Female,30.155.57.91
15,Annabela,Duffit,aduffite@dell.com,Female,188.79.1.164
16,Jorey,Bobasch,jbobaschf@yandex.ru,Polygender,255.117.187.48
17,Sandro,Matsell,smatsellg@addtoany.com,Male,74.170.19.202
18,Demetra,Dunmore,ddunmoreh@dell.com,Female,113.77.139.68
19,Von,Spilling,vspillingi@macromedia.com,Male,28.158.152.185
20,Irvin,Proom,iproomj@reuters.com,Male,11.218.216.97
21,Tove,Ranscombe,transcombek@wunderground.com,Female,223.248.83.113
22,Crin,Caddie,ccaddiel@ning.com,Female,158.11.169.217
23,Xenos,Grimwade,xgrimwadem@example.com,Male,155.245.121.59
24,Bale,Hartropp,bhartroppn@gmpg.org,Male,145.157.106.69
25,Erinna,Bridden,ebriddeno@squidoo.com,Female,138.101.186.218
26,Leo,Shotton,lshottonp@ucla.edu,Male,47.146.251.82
27,Sauncho,Pattemore,spattemoreq@tmall.com,Male,197.52.130.147
28,Denni,Poyntz,dpoyntzr@netscape.com,Female,153.4.206.142
29,Sorcha,Sager,ssagers@pinterest.com,Non-binary,219.28.148.175
30,Ula,Goligly,ugoliglyt@ehow.com,Female,148.47.24.151
31,Arnie,Kilgrew,akilgrewu@businesswire.com,Male,166.221.88.113
32,Lorelle,Sambrook,lsambrookv@yellowbook.com,Female,41.117.35.131
33,Roi,Mangham,rmanghamw@fda.gov,Male,117.230.155.84
34,Kerrin,Murrhardt,kmurrhardtx@ibm.com,Female,182.139.198.211
35,Reinold,Deniscke,rdenisckey@last.fm,Male,145.223.28.75
36,Lelah,Blare,lblarez@smugmug.com,Female,213.109.115.230
37,Thom,Katz,tkatz10@cisco.com,Male,205.33.210.154
38,Gaby,Cufflin,gcufflin11@thetimes.co.uk,Male,226.36.184.36
39,Eveline,Jewster,ejewster12@usgs.gov,Female,28.172.234.88
40,Violet,Grace,vgrace13@1und1.de,Female,219.227.117.239
41,Glendon,Varnham,gvarnham14@instagram.com,Male,36.211.151.190
42,Martica,Stoacley,mstoacley15@google.co.jp,Female,69.40.213.213
43,Nat,Sturton,nsturton16@studiopress.com,Male,133.41.192.142
44,Seymour,Rattrie,srattrie17@theglobeandmail.com,Male,23.238.0.139
45,Skippy,Widmoor,swidmoor18@i2i.jp,Male,153.78.246.133
46,Bertha,Wilcocks,bwilcocks19@phoca.cz,Female,82.184.162.125
47,Fernando,Forcer,fforcer1a@theguardian.com,Male,15.170.159.137
48,Dudley,Piola,dpiola1b@latimes.com,Male,62.92.70.145
49,Hewe,Vanyakin,hvanyakin1c@wiley.com,Male,230.160.21.22
50,Jordan,Denisot,jdenisot1d@nature.com,Female,123.111.190.162
51,Foster,McDuff,fmcduff1e@businessinsider.com,Male,250.132.94.244
52,Chryste,Crankhorn,ccrankhorn1f@redcross.org,Female,158.222.34.43
53,Morie,Benez,mbenez1g@about.com,Male,194.42.121.168
54,Lonna,Smoth,lsmoth1h@ustream.tv,Female,231.254.38.141
55,Erika,Joddens,ejoddens1i@exblog.jp,Female,96.189.114.65
56,Merrick,Crabbe,mcrabbe1j@senate.gov,Male,248.255.215.229
57,Tamqrah,Andreacci,tandreacci1k@youku.com,Female,200.64.224.91
58,Margarita,Summerton,msummerton1l@simplemachines.org,Female,230.118.38.80
59,Hugues,Fance,hfance1m@nba.com,Male,206.97.149.167
60,Padriac,Siney,psiney1n@usnews.com,Male,129.54.80.107