id,first_name,last_name,email,gender,ip_address
1,Ernst,Lourenco,elourenco0@mapquest.com,Male,84.43.154.8
2,Vachel,Harlett,vharlett1@amazon.de,Male,102.81.163.85
3,Osborne,Rainey,orainey2@imgur.com,Male,210.85.86.209
4,Rand,Palmar,rpalmar3@shutterfly.com,Male,244.245.7.122
5,Linell,Wrangle,lwrangle4@flavors.me,Female,49.171.180.31
6,Hermie,Sammons,hsammons5@msn.com,Male,133.144.224.92
7,Boothe,Shark,bshark6@1688.com,Male,211.96.100.151
8,Elston,Cowndley,ecowndley7@xinhuanet.com,Genderfluid,75.139.199.69
9,Gabriella,Bredgeland,gbredgeland8@gravatar.com,Female,81.97.76.160
10,Merilee,Gartrell,mgartrell9@printfriendly.com,Female,92.62.91.195
11,Marabel,Tiery,mtierya@deviantart.com,Female,196.110.174.109
12,Brigitte,Schlagtmans,bschlagtmansb@e-recht24.de,Female,28.96.61.234
13,Kennie,Woodroffe,kwoodroffec@nymag.com,Male,22.121.27.127
14,Jaquenetta,Veldstra,jveldstrad@studiopress.com,Female,253.160.49.8
15,Lou,Piner,lpinere@omniture.com,Female,193.217.84.255
16,Mindy,Christofol,mchristofolf@alexa.com,Female,37.30.132.194
17,Ramsey,Ghiroldi,rghiroldig@behance.net,Male,176.63.94.243
18,Nealson,Skeats,nskeatsh@merriam-webster.com,Male,43.41.114.212
19,Allison,Walthall,awalthalli@icio.us,Female,243.211.71.36
20,Eugenia,Pevsner,epevsnerj@arstechnica.com,Female,122.111.205.21
21,Juliana,Wibberley,jwibberleyk@multiply.com,Female,165.94.97.10
22,Zonda,Fassmann,zfassmannl@bloomberg.com,Non-binary,234.193.127.248
23,Deny,Roughan,droughanm@si.edu,Female,217.140.5.17
24,Carly,Mottershaw,cmottershawn@altervista.org,Female,248.82.203.102
25,Dionisio,Philp,dphilpo@sbwire.com,Male,195.142.139.79
26,Liliane,Atkin,latkinp@wp.com,Female,190.169.94.108
27,Jasmin,Furze,jfurzeq@umn.edu,Female,92.160.187.235
28,Parker,Espina,pespinar@wsj.com,Male,206.194.50.86
29,Reece,Bosquet,rbosquets@ebay.co.uk,Male,118.1.75.35
30,Brynn,Fielden,bfieldent@vk.com,Female,165.25.151.240
31,Koral,Eadie,keadieu@ovh.net,Female,12.91.67.106
32,Franky,Pellman,fpellmanv@tamu.edu,Female,40.33.196.6
33,Tedra,Manjot,tmanjotw@hostgator.com,Female,78.3.159.231
34,Munmro,Mitchenson,mmitchensonx@cargocollective.com,Male,87.75.114.16
35,Greer,Cabral,gcabraly@apple.com,Female,252.117.129.220
36,Berna,Trewinnard,btrewinnardz@utexas.edu,Female,75.72.22.10
37,Josephine,Dummett,jdummett10@dedecms.com,Female,241.115.159.230
38,Flory,Allcott,fallcott11@taobao.com,Male,182.243.53.37
39,Tremain,Wison,twison12@lycos.com,Male,43.73.214.65
40,Kalie,Wyss,kwyss13@macromedia.com,Female,122.28.248.5
41,Henrik,Blas,hblas14@bloomberg.com,Male,219.130.237.157
42,Wiley,Storcke,wstorcke15@harvard.edu,Male,190.178.103.56
43,Garik,Kovalski,gkovalski16@yelp.com,Male,71.122.156.105
44,Suzanna,Ricarde,sricarde17@mail.ru,Female,29.132.182.246
45,Catherine,Seamons,cseamons18@t-online.de,Female,168.86.218.251
46,Octavius,Cowlam,ocowlam19@irs.gov,Male,124.42.209.145
47,Townie,Beesey,tbeesey1a@vistaprint.com,Male,165.96.223.69
48,Hana,Endle,hendle1b@comcast.net,Female,32.200.201.9
49,May,Emptage,memptage1c@mashable.com,Female,96.198.191.51
50,Nerte,Coster,ncoster1d@1688.com,Female,36.126.136.206
51,Germayne,Wandless,gwandless1e@theguardian.com,Male,239.56.141.51
52,Inness,Drynan,idrynan1f@dailymotion.com,Male,244.30.240.198
53,Sela,Wyre,swyre1g@deliciousdays.com,Polygender,157.103.166.169
54,Frances,Lurcock,flurcock1h@cbsnews.com,Female,196.182.96.189
55,Doralyn,Dawidowitz,ddawidowitz1i@angelfire.com,Female,105.131.78.138
56,Delaney,Shaves,dshaves1j@shop-pro.jp,Male,223.64.51.61
57,Ursuline,Tumulty,utumulty1k@dot.gov,Female,68.155.87.183
58,Avram,Toope,atoope1l@barnesandnoble.com,Male,201.116.192.154
59,Rycca,Steadman,rsteadman1m@issuu.com,Female,12.39.155.97
60,Fee,Doncom,fdoncom1n@chron.com,Male,5.65.169.136
61,Sammie,Mansfield,smansfield1o@vkontakte.ru,Male,171.0.78.48
62,Aura,Aubri,aaubri1p@bloglovin.com,Female,225.110.129.35
63,Victor,Sauter,vsauter1q@netvibes.com,Male,156.219.252.109
64,Sergeant,Fairbrother,sfairbrother1r@china.com.cn,Male,219.146.142.32
65,Siward,Palomba,spalomba1s@t.co,Male,194.75.46.159
66,Jemmie,Daunter,jdaunter1t@icio.us,Agender,204.26.68.193
67,Liz,Davidman,ldavidman1u@craigslist.org,Female,125.104.7.110
68,Max,Peskett,mpeskett1v@state.gov,Female,121.243.16.200
69,Odella,McKeighan,omckeighan1w@lulu.com,Female,158.146.121.45
70,Flore,Daynter,fdaynter1x@craigslist.org,Female,179.166.227.102
71,Kelby,Lomen,klomen1y@cyberchimps.com,Male,98.124.200.54
72,Keenan,Ryle,kryle1z@usgs.gov,Male,87.87.38.127
73,Serge,Feighney,sfeighney20@mlb.com,Male,127.252.192.141
74,Angel,Tebbut,atebbut21@mit.edu,Female,18.148.206.130
75,La verne,Mayfield,lmayfield22@nps.gov,Female,199.210.195.242
76,Lanny,Jikylls,ljikylls23@sun.com,Male,167.127.66.159
77,Elnore,Wetter,ewetter24@bloomberg.com,Genderfluid,43.159.15.37
78,Pearline,Domnin,pdomnin25@quantcast.com,Female,225.87.51.37
79,Dorelia,Mault,dmault26@ocn.ne.jp,Female,248.71.248.159
80,Desi,Kingzet,dkingzet27@dailymotion.com,Male,17.248.77.166
